160TN5020;Ibiza;Noire;Disponible;05/02/2011;40
190TN5020;Seat Leon;Noire;Disponible;14/12/2020;60
202TN0999;Golf 7;Bleu;Disponible;01/01/2022;90
202TN0875;Golf 7;Noire;Disponible;14/01/2022;90
205TN2154;Golf 7;Noire;Disponible;02/03/2022;90
212TN0001;Marcedes Cla;Noire;Disponible;15/04/2022;120
213TN2015;Fiat Punto;Grise;Disponible;02/02/2022;90
198TN2015;Ford Focus;Bleu;Disponible;19/05/2021;80
200TN0001;Seat Ibiza;Noire;Disponible;14/02/2022;70
200TN0002;Seat Ibiza;Rouge;Disponible;19/02/2022;70
200TN0003;Seat Ibiza;Gris;Disponible;19/02/2022;70
205TN1045;Peaugot 301;Grise;Disponible;04/04/2022;80
090TN0002;Golf 2;Bleu;Disponible;14/05/2001;40
090TN0012;Clio Saxo;Bleu;Disponible;04/02/1999;30
213TN5015;Jeep;Noire;Disponible;15/12/2021;150
185TN2012;Ford Mustang;Rouge;Disponible;14/02/2019;90
168TN7856;Citreon C'elysée;Noire;Disponible;08/02/2019;50
080TN2152;Ford Fiesta;Grise;Disponible;14/02/1998;25
054TN0125;Camion;Caramel;Disponible;04/02/1997;20
050TN2156;Camion OM;Rouge;Disponible;01/04/1997;30
060TN8695;Opel;Noire;Disponible;15/01/1999;30
198TN0125;Opel Astra;Noire;Disponible;15/02/2021;70
212TN9854;BMW M8;Noire;Disponible;05/04/2022;220
197TN0212;Opel Corsa D;Bleu;Disponible;14/09/2021;80
197TN0256;Marcedes Class E;Grise;Disponible;05/12/2021;150
202TN9665;Marcedes Class S;Grise;Disponible;05/05/2021;160
197TN1222;Opel Adam;blanche;Disponible;15/02/2021;60
197TN2154;Kia Rio;Blanche;Disponible;15/01/2022;90
197TN9258;Kia Picanto;Blanche;Disponible;15/02/2021;50
198TN2215;Kia Sportage;Blanche;Disponible;15/02/2022;150
